Workbook

Sheet Dashboard
B2: 📊 SALES & REVENUE ANALYSIS DASHBOARD
B4: KEY PERFORMANCE INDICATORS
B6: 💰 Total Revenue | D6: 📦 Total Orders | F6: 🛒 Total Units Sold | H6: 📈 Avg Order Value | J6: 🏆 Top Product | L6: 🌍 Best Region
B7: =SUM('Sales Data'!H2:H201) -> 77851625 | D7: =COUNTA('Sales Data'!A2:A201) -> 200 | F7: =SUM('Sales Data'!F2:F201) -> 2557 | H7: =IFERROR(SUM('Sales Data'!H2:H201)/COUNTA('Sales Data'!A2:A201),0) -> 389258.13 | J7: =INDEX('Sales Data'!C2:C201,MATCH(MAX(COUNTIF('Sales Data'!C2:C201,'Sales Data'!C2:C201)),COUNTIF('Sales Data'!C2:C201,'Sales Data'!C2:C201),0)) -> USB-C Hub | L7: =INDEX('Sales Data'!E2:E201,MATCH(MAX(SUMIF('Sales Data'!E2:E201,'Sales Data'!E2:E201,'Sales Data'!H2:H201)),SUMIF('Sales Data'!E2:E201,'Sales Data'!E2:E201,'Sales Data'!H2:H201),0)) -> West
B11: SALES ANALYTICS

Sheet Sales Data
A1: Order ID | B1: Date | C1: Product Name | D1: Category | E1: Region | F1: Sales Quantity | G1: Unit Price | H1: Revenue
A2: 1 | B2: 45292 | C2: Headphones Pro | D2: Electronics | E2: South | F2: 18 | G2: 28416.36 | H2: =F2*G2 -> 511494.48
A3: 2 | B3: 45292 | C3: Headphones Pro | D3: Electronics | E3: South | F3: 2 | G3: 25504.92 | H3: =F3*G3 -> 51009.84
A4: 3 | B4: 45293 | C4: Keyboard MX | D4: Electronics | E4: East | F4: 15 | G4: 10470.6 | H4: =F4*G4 -> 157059
A5: 4 | B5: 45296 | C5: Headphones Pro | D5: Electronics | E5: North | F5: 22 | G5: 24484.32 | H5: =F5*G5 -> 538655.04
A6: 5 | B6: 45297 | C6: Headphones Pro | D6: Electronics | E6: South | F6: 3 | G6: 28557.48 | H6: =F6*G6 -> 85672.44
A7: 6 | B7: 45304 | C7: USB-C Hub | D7: Electronics | E7: West | F7: 11 | G7: 7194.6 | H7: =F7*G7 -> 79140.6
A8: 7 | B8: 45304 | C8: Standing Desk | D8: Furniture | E8: North | F8: 9 | G8: 46098.36 | H8: =F8*G8 -> 414885.24
A9: 8 | B9: 45304 | C9: Laptop Pro 15 | D9: Electronics | E9: Central | F9: 16 | G9: 104883.24 | H9: =F9*G9 -> 1678131.8
A10: 9 | B10: 45305 | C10: Keyboard MX | D10: Electronics | E10: North | F10: 22 | G10: 11355.96 | H10: =F10*G10 -> 249831.12
A11: 10 | B11: 45307 | C11: Standing Desk | D11: Furniture | E11: Central | F11: 1 | G11: 43802.64 | H11: =F11*G11 -> 43802.64
A12: 11 | B12: 45308 | C12: Standing Desk | D12: Furniture | E12: West | F12: 10 | G12: 44825.76 | H12: =F12*G12 -> 448257.6
A13: 12 | B13: 45312 | C13: Monitor 27" | D13: Electronics | E13: North | F13: 8 | G13: 35925.12 | H13: =F13*G13 -> 287400.96
... A201: 200 | B201: 45654 | C201: USB-C Hub | D201: Electronics | E201: Central | F201: 24 | G201: 6694.8 | H201: =F201*G201 -> 160675.2

Sheet Calculations
A1: Month | B1: Month Num | C1: Revenue | D1: Quantity | F1: Product | G1: Revenue | H1: Quantity | J1: Region | K1: Revenue | L1: Quantity
A2: Jan | B2: 1 | C2: =SUMPRODUCT((MONTH('Sales Data'!B2:B201)=1)*'Sales Data'!H2:H201) -> 5212146.2 | D2: =SUMPRODUCT((MONTH('Sales Data'!B2:B201)=1)*'Sales Data'!F2:F201) -> 173 | F2: Desk Lamp LED | G2: =SUMIF('Sales Data'!C:C,F2,'Sales Data'!H:H) -> 1567515.6 | H2: =SUMIF('Sales Data'!C:C,F2,'Sales Data'!F:F) -> 276 | J2: Central | K2: =SUMIF('Sales Data'!E:E,J2,'Sales Data'!H:H) -> 20678462 | L2: =SUMIF('Sales Data'!E:E,J2,'Sales Data'!F:F) -> 749
A3: Feb | B3: 2 | C3: =SUMPRODUCT((MONTH('Sales Data'!B2:B201)=2)*'Sales Data'!H2:H201) -> 8625125 | D3: =SUMPRODUCT((MONTH('Sales Data'!B2:B201)=2)*'Sales Data'!F2:F201) -> 281 | F3: Ergonomic Chair | G3: =SUMIF('Sales Data'!C:C,F3,'Sales Data'!H:H) -> 12256103 | H3: =SUMIF('Sales Data'!C:C,F3,'Sales Data'!F:F) -> 363 | J3: East | K3: =SUMIF('Sales Data'!E:E,J3,'Sales Data'!H:H) -> 14561859 | L3: =SUMIF('Sales Data'!E:E,J3,'Sales Data'!F:F) -> 463
A4: Mar | B4: 3 | C4: =SUMPRODUCT((MONTH('Sales Data'!B2:B201)=3)*'Sales Data'!H2:H201) -> 5218773 | D4: =SUMPRODUCT((MONTH('Sales Data'!B2:B201)=3)*'Sales Data'!F2:F201) -> 211 | F4: Headphones Pro | G4: =SUMIF('Sales Data'!C:C,F4,'Sales Data'!H:H) -> 5120334.2 | H4: =SUMIF('Sales Data'!C:C,F4,'Sales Data'!F:F) -> 192 | J4: North | K4: =SUMIF('Sales Data'!E:E,J4,'Sales Data'!H:H) -> 17197578 | L4: =SUMIF('Sales Data'!E:E,J4,'Sales Data'!F:F) -> 497
A5: Apr | B5: 4 | C5: =SUMPRODUCT((MONTH('Sales Data'!B2:B201)=4)*'Sales Data'!H2:H201) -> 4709365.1 | D5: =SUMPRODUCT((MONTH('Sales Data'!B2:B201)=4)*'Sales Data'!F2:F201) -> 184 | F5: Keyboard MX | G5: =SUMIF('Sales Data'!C:C,F5,'Sales Data'!H:H) -> 3299023.6 | H5: =SUMIF('Sales Data'!C:C,F5,'Sales Data'!F:F) -> 298 | J5: South | K5: =SUMIF('Sales Data'!E:E,J5,'Sales Data'!H:H) -> 11333209 | L5: =SUMIF('Sales Data'!E:E,J5,'Sales Data'!F:F) -> 438
A6: May | B6: 5 | C6: =SUMPRODUCT((MONTH('Sales Data'!B2:B201)=5)*'Sales Data'!H2:H201) -> 4646194.6 | D6: =SUMPRODUCT((MONTH('Sales Data'!B2:B201)=5)*'Sales Data'!F2:F201) -> 192 | F6: Laptop Pro 15 | G6: =SUMIF('Sales Data'!C:C,F6,'Sales Data'!H:H) -> 25923892 | H6: =SUMIF('Sales Data'!C:C,F6,'Sales Data'!F:F) -> 224 | J6: West | K6: =SUMIF('Sales Data'!E:E,J6,'Sales Data'!H:H) -> 14080517 | L6: =SUMIF('Sales Data'!E:E,J6,'Sales Data'!F:F) -> 410
A7: Jun | B7: 6 | C7: =SUMPRODUCT((MONTH('Sales Data'!B2:B201)=6)*'Sales Data'!H2:H201) -> 4206239.5 | D7: =SUMPRODUCT((MONTH('Sales Data'!B2:B201)=6)*'Sales Data'!F2:F201) -> 192 | F7: Monitor 27" | G7: =SUMIF('Sales Data'!C:C,F7,'Sales Data'!H:H) -> 7437281.9 | H7: =SUMIF('Sales Data'!C:C,F7,'Sales Data'!F:F) -> 191
A8: Jul | B8: 7 | C8: =SUMPRODUCT((MONTH('Sales Data'!B2:B201)=7)*'Sales Data'!H2:H201) -> 3049758.6 | D8: =SUMPRODUCT((MONTH('Sales Data'!B2:B201)=7)*'Sales Data'!F2:F201) -> 149 | F8: Standing Desk | G8: =SUMIF('Sales Data'!C:C,F8,'Sales Data'!H:H) -> 16955860 | H8: =SUMIF('Sales Data'!C:C,F8,'Sales Data'!F:F) -> 363
A9: Aug | B9: 8 | C9: =SUMPRODUCT((MONTH('Sales Data'!B2:B201)=8)*'Sales Data'!H2:H201) -> 7341266.5 | D9: =SUMPRODUCT((MONTH('Sales Data'!B2:B201)=8)*'Sales Data'!F2:F201) -> 232 | F9: USB-C Hub | G9: =SUMIF('Sales Data'!C:C,F9,'Sales Data'!H:H) -> 1515595.2 | H9: =SUMIF('Sales Data'!C:C,F9,'Sales Data'!F:F) -> 219
A10: Sep | B10: 9 | C10: =SUMPRODUCT((MONTH('Sales Data'!B2:B201)=9)*'Sales Data'!H2:H201) -> 6816752.9 | D10: =SUMPRODUCT((MONTH('Sales Data'!B2:B201)=9)*'Sales Data'!F2:F201) -> 183 | F10: Webcam 4K | G10: =SUMIF('Sales Data'!C:C,F10,'Sales Data'!H:H) -> 2673757 | H10: =SUMIF('Sales Data'!C:C,F10,'Sales Data'!F:F) -> 156
A11: Oct | B11: 10 | C11: =SUMPRODUCT((MONTH('Sales Data'!B2:B201)=10)*'Sales Data'!H2:H201) -> 12790964 | D11: =SUMPRODUCT((MONTH('Sales Data'!B2:B201)=10)*'Sales Data'!F2:F201) -> 309 | F11: Wireless Mouse | G11: =SUMIF('Sales Data'!C:C,F11,'Sales Data'!H:H) -> 1102262.3 | H11: =SUMIF('Sales Data'!C:C,F11,'Sales Data'!F:F) -> 275
A12: Nov | B12: 11 | C12: =SUMPRODUCT((MONTH('Sales Data'!B2:B201)=11)*'Sales Data'!H2:H201) -> 3731338 | D12: =SUMPRODUCT((MONTH('Sales Data'!B2:B201)=11)*'Sales Data'!F2:F201) -> 162
A13: Dec | B13: 12 | C13: =SUMPRODUCT((MONTH('Sales Data'!B2:B201)=12)*'Sales Data'!H2:H201) -> 11503702 | D13: =SUMPRODUCT((MONTH('Sales Data'!B2:B201)=12)*'Sales Data'!F2:F201) -> 289

Sheet Instructions
A1: 📘 HOW TO USE THIS DASHBOARD
B3: 1. Edit Sales Data | C3: Go to 'Sales Data' tab → modify any Order ID, Date, Product, Category, Region, Quantity, or Price. Revenue auto-calculates.
B4: 2. KPI Cards | C4: Return to 'Dashboard' to see all 6 KPI cards update instantly: Revenue, Orders, Units, AOV, Top Product, Best Region.
B5: 3. Charts Auto-Refresh | C5: All 4 charts (Revenue Trend, Top Products, Regional Mix, Monthly Units) refresh automatically from the table.
B6: 4. Add New Rows | C6: In 'Sales Data', add new rows inside the Excel Table (it will expand automatically). Revenue formula is pre-set.
B7: 5. Filter & Analyze | C7: Use Excel's built-in column filter arrows in 'Sales Data' to slice by date, product, category, or region.
B8: 6. Sorting | C8: Click any column header in the Sales Data table to sort. Charts and KPIs always reflect visible + all data.
